country,country_code,adm1_pcode,adm1_name,total_fatalities_2016,total_fatalities_2017,total_fatalities_2018,total_fatalities_2019,total_fatalities_2020,total_fatalities_2021,total_fatalities_2022,total_fatalities_2023,total_fatalities_2024,total_fatalities_2025,count_conflict_events_2016,count_conflict_events_2017,count_conflict_events_2018,count_conflict_events_2019,count_conflict_events_2020,count_conflict_events_2021,count_conflict_events_2022,count_conflict_events_2023,count_conflict_events_2024,count_conflict_events_2025,total_fatalities_per_1k_2016,count_conflicts_events_per_1k_2016,total_fatalities_per_1k_2017,count_conflicts_events_per_1k_2017,total_fatalities_per_1k_2018,count_conflicts_events_per_1k_2018,total_fatalities_per_1k_2019,count_conflicts_events_per_1k_2019,total_fatalities_per_1k_2020,count_conflicts_events_per_1k_2020,total_fatalities_per_1k_2021,count_conflicts_events_per_1k_2021,total_fatalities_per_1k_2022,count_conflicts_events_per_1k_2022,total_fatalities_per_1k_2023,count_conflicts_events_per_1k_2023,total_fatalities_per_1k_2024,count_conflicts_events_per_1k_2024,total_fatalities_per_1k_2025,count_conflicts_events_per_1k_2025
kenya,KEN,KE030,Baringo,4,63,27,17,5,21,49,30,23,18,2,25,15,11,8,13,40,52,35,22,0.005235602,0.002617801,0.082460733,0.032722513,0.035340314,0.019633508,0.022251309,0.014397906,0.006544503,0.010471204,0.027486911,0.017015707,0.064136126,0.052356021,0.039267016,0.068062827,0.030104712,0.045811518,0.023560209,0.028795812
kenya,KEN,KE036,Bomet,0,0,0,1,0,0,0,0,0,0,0,0,1,1,2,0,0,1,0,0,0,0,0,0,0,0.001036269,0.001036269,0.001036269,0,0.002072539,0,0,0,0,0,0.001036269,0,0,0,0
kenya,KEN,KE039,Bungoma,0,6,5,1,1,1,2,1,2,0,0,5,2,1,2,2,3,2,3,3,0,0,0.003252033,0.002710027,0.002710027,0.001084011,5.42E-04,5.42E-04,5.42E-04,0.001084011,5.42E-04,0.001084011,0.001084011,0.001626016,5.42E-04,0.001084011,0.001084011,0.001626016,0,0.001626016
kenya,KEN,KE040,Busia,0,0,1,0,1,0,0,3,0,0,0,0,1,0,3,0,0,3,2,1,0,0,0,0,9.94E-04,9.94E-04,0,0,9.94E-04,0.002982107,0,0,0,0,0.002982107,0.002982107,0,0.001988072,0,9.94E-04
kenya,KEN,KE028,Elgeyo-Marakwet,7,12,15,3,3,34,32,29,13,17,4,12,11,2,2,13,26,21,10,22,0.009270713,0.00529755,0.01589265,0.01589265,0.019865813,0.014568263,0.003973163,0.002648775,0.003973163,0.002648775,0.045029176,0.017217038,0.042380401,0.034434076,0.038407239,0.027812138,0.017217038,0.013243875,0.022514588,0.029136526
kenya,KEN,KE014,Embu,0,0,1,2,0,0,1,2,0,1,0,0,2,4,1,2,5,1,3,4,0,0,0,0,0.001510574,0.003021148,0.003021148,0.006042296,0,0.001510574,0,0.003021148,0.001510574,0.00755287,0.003021148,0.001510574,0,0.004531722,0.001510574,0.006042296
kenya,KEN,KE007,Garissa,30,57,10,29,43,2,58,101,36,42,8,26,11,11,21,4,25,55,37,27,0.030895984,0.008238929,0.058702369,0.026776519,0.010298661,0.011328527,0.029866117,0.011328527,0.044284243,0.021627188,0.002059732,0.004119464,0.059732235,0.025746653,0.104016478,0.056642636,0.03707518,0.038105046,0.043254377,0.027806385
kenya,KEN,KE043,Homa Bay,0,0,0,2,2,1,1,2,4,4,0,1,2,3,2,1,4,4,4,7,0,0,0,7.82E-04,0,0.001564945,0.001564945,0.002347418,0.001564945,0.001564945,7.82E-04,7.82E-04,7.82E-04,0.00312989,0.001564945,0.00312989,0.00312989,0.00312989,0.00312989,0.005477308
kenya,KEN,KE011,Isiolo,9,47,13,24,8,50,51,30,12,28,4,11,9,9,4,19,27,22,10,29,0.027272727,0.012121212,0.142424242,0.033333333,0.039393939,0.027272727,0.072727273,0.027272727,0.024242424,0.012121212,0.151515152,0.057575758,0.154545455,0.081818182,0.090909091,0.066666667,0.036363636,0.03030303,0.084848485,0.087878788
kenya,KEN,KE034,Kajiado,0,0,0,2,1,2,1,0,1,1,0,0,0,3,1,3,1,7,6,2,0,0,0,0,0,0,0.001506024,0.002259036,7.53E-04,7.53E-04,0.001506024,0.002259036,7.53E-04,7.53E-04,0,0.005271084,7.53E-04,0.004518072,7.53E-04,0.001506024
kenya,KEN,KE037,Kakamega,0,0,3,1,6,1,2,1,4,2,0,2,5,1,8,1,3,3,5,5,0,0,0,9.65E-04,0.001447178,0.002411963,4.82E-04,4.82E-04,0.002894356,0.003859141,4.82E-04,4.82E-04,9.65E-04,0.001447178,4.82E-04,0.001447178,0.001929571,0.002411963,9.65E-04,0.002411963
kenya,KEN,KE035,Kericho,0,0,0,3,0,0,0,8,0,0,0,0,1,1,1,0,1,4,0,0,0,0,0,0,0,0.001020408,0.003061224,0.001020408,0,0.001020408,0,0,0,0.001020408,0.008163265,0.004081633,0,0,0,0
kenya,KEN,KE022,Kiambu,1,10,10,4,1,0,0,4,2,1,1,6,4,2,1,2,3,9,13,8,3.63E-04,3.63E-04,0.003631082,0.002178649,0.003631082,0.001452433,0.001452433,7.26E-04,3.63E-04,3.63E-04,0,7.26E-04,0,0.001089325,0.001452433,0.003267974,7.26E-04,0.004720407,3.63E-04,0.002904866
kenya,KEN,KE003,Kilifi,4,0,0,1,1,0,2,3,5,4,1,0,5,1,1,0,7,5,9,6,0.002443494,6.11E-04,0,0,0,0.003054368,6.11E-04,6.11E-04,6.11E-04,6.11E-04,0,0,0.001221747,0.004276115,0.001832621,0.003054368,0.003054368,0.005497862,0.002443494,0.003665241
kenya,KEN,KE020,Kirinyaga,1,0,0,0,0,1,0,2,2,0,1,0,0,0,0,1,2,4,4,1,0.001506024,0.001506024,0,0,0,0,0,0,0,0,0.001506024,0.001506024,0,0.003012048,0.003012048,0.006024096,0.003012048,0.006024096,0,0.001506024
kenya,KEN,KE045,Kisii,2,1,1,1,2,1,1,2,1,5,2,3,1,2,2,1,3,3,3,7,0.001459854,0.001459854,7.30E-04,0.002189781,7.30E-04,7.30E-04,7.30E-04,0.001459854,0.001459854,0.001459854,7.30E-04,7.30E-04,7.30E-04,0.002189781,0.001459854,0.002189781,7.30E-04,0.002189781,0.003649635,0.005109489
kenya,KEN,KE042,Kisumu,4,16,0,0,2,5,0,5,1,2,3,12,3,0,5,4,1,8,3,2,0.003100775,0.002325581,0.012403101,0.009302326,0,0.002325581,0,0,0.001550388,0.003875969,0.003875969,0.003100775,0,7.75E-04,0.003875969,0.00620155,7.75E-04,0.002325581,0.001550388,0.001550388
kenya,KEN,KE015,Kitui,1,7,1,3,0,0,5,18,5,5,1,5,1,4,0,1,14,12,7,8,7.94E-04,7.94E-04,0.005559968,0.003971406,7.94E-04,7.94E-04,0.002382844,0.003177125,0,0,0,7.94E-04,0.003971406,0.011119936,0.014297061,0.009531374,0.003971406,0.005559968,0.003971406,0.006354249
kenya,KEN,KE002,Kwale,12,5,8,0,8,1,1,2,0,3,9,4,4,1,7,1,2,4,1,4,0.012145749,0.009109312,0.005060729,0.004048583,0.008097166,0.004048583,0,0.001012146,0.008097166,0.00708502,0.001012146,0.001012146,0.001012146,0.002024291,0.002024291,0.004048583,0,0.001012146,0.003036437,0.004048583
kenya,KEN,KE031,Laikipia,0,20,1,1,4,18,9,11,6,5,0,21,1,2,2,17,20,13,9,9,0,0,0.034305317,0.036020583,0.001715266,0.001715266,0.001715266,0.003430532,0.006861063,0.003430532,0.030874786,0.02915952,0.015437393,0.034305317,0.018867925,0.022298456,0.010291595,0.015437393,0.008576329,0.015437393
kenya,KEN,KE005,Lamu,21,85,50,8,17,33,62,141,65,28,11,29,15,8,10,11,25,36,21,23,0.119318182,0.0625,0.482954545,0.164772727,0.284090909,0.085227273,0.045454545,0.045454545,0.096590909,0.056818182,0.1875,0.0625,0.352272727,0.142045455,0.801136364,0.204545455,0.369318182,0.119318182,0.159090909,0.130681818
kenya,KEN,KE016,Machakos,0,4,0,3,1,3,0,6,0,0,0,2,0,2,3,4,2,6,9,4,0,0,0.002635046,0.001317523,0,0,0.001976285,0.001317523,6.59E-04,0.001976285,0.001976285,0.002635046,0,0.001317523,0.003952569,0.003952569,0,0.005928854,0,0.002635046
kenya,KEN,KE017,Makueni,0,1,0,5,1,0,2,1,2,0,0,1,0,3,1,0,1,1,5,0,0,0,9.39E-04,9.39E-04,0,0,0.004694836,0.002816901,9.39E-04,9.39E-04,0,0,0.001877934,9.39E-04,9.39E-04,9.39E-04,0.001877934,0.004694836,0,0
kenya,KEN,KE009,Mandera,45,70,55,17,28,43,29,53,80,64,15,28,28,9,27,37,41,52,56,49,0.04468719,0.01489573,0.069513406,0.027805362,0.054617676,0.027805362,0.016881827,0.008937438,0.027805362,0.026812314,0.042701092,0.0367428,0.028798411,0.040714995,0.052631579,0.05163853,0.079443893,0.055610725,0.063555114,0.048659384
kenya,KEN,KE010,Marsabit,0,11,21,46,26,80,25,32,17,21,0,5,7,11,10,28,29,19,10,22,0,0,0.020408163,0.009276438,0.038961039,0.012987013,0.085343228,0.020408163,0.048237477,0.018552876,0.148423006,0.051948052,0.046382189,0.05380334,0.059369202,0.035250464,0.031539889,0.018552876,0.038961039,0.040816327
kenya,KEN,KE012,Meru,0,24,0,10,1,0,20,29,17,17,0,6,2,5,8,0,11,22,20,25,0,0,0.014405762,0.003601441,0,0.00120048,0.006002401,0.0030012,6.00E-04,0.004801921,0,0,0.012004802,0.006602641,0.017406963,0.013205282,0.010204082,0.012004802,0.010204082,0.015006002
kenya,KEN,KE044,Migori,0,1,2,1,0,0,0,3,0,5,0,6,2,2,0,1,3,4,3,7,0,0,7.74E-04,0.004643963,0.001547988,0.001547988,7.74E-04,0.001547988,0,0,0,7.74E-04,0,0.002321981,0.002321981,0.003095975,0,0.002321981,0.003869969,0.005417957
kenya,KEN,KE001,Mombasa,8,7,9,7,2,0,1,2,0,1,4,7,9,8,5,3,3,5,8,8,0.005847953,0.002923977,0.005116959,0.005116959,0.006578947,0.006578947,0.005116959,0.005847953,0.001461988,0.003654971,0,0.002192982,7.31E-04,0.002192982,0.001461988,0.003654971,0,0.005847953,7.31E-04,0.005847953
kenya,KEN,KE021,Murang'a,0,1,1,2,0,0,0,4,0,0,0,2,1,4,1,0,1,2,3,3,0,0,8.80E-04,0.001760563,8.80E-04,8.80E-04,0.001760563,0.003521127,0,8.80E-04,0,0,0,8.80E-04,0.003521127,0.001760563,0,0.002640845,0,0.002640845
kenya,KEN,KE047,Nairobi,7,41,27,29,9,7,9,6,10,5,6,29,23,14,15,16,23,24,47,22,0.001426824,0.001222992,0.008357114,0.005911129,0.005503465,0.004688137,0.005911129,0.002853649,0.001834488,0.003057481,0.001426824,0.003261313,0.001834488,0.004688137,0.001222992,0.004891969,0.00203832,0.009580106,0.00101916,0.004484305
kenya,KEN,KE032,Nakuru,1,3,17,1,5,4,7,3,7,7,2,3,18,4,10,2,8,8,9,19,4.09E-04,8.18E-04,0.001226994,0.001226994,0.006952965,0.007361963,4.09E-04,0.001635992,0.00204499,0.00408998,0.001635992,8.18E-04,0.002862986,0.003271984,0.001226994,0.003271984,0.002862986,0.003680982,0.002862986,0.007770961
kenya,KEN,KE029,Nandi,2,0,1,0,3,0,0,0,0,0,1,0,1,1,2,0,1,1,2,2,0.00203666,0.00101833,0,0,0.00101833,0.00101833,0,0.00101833,0.00305499,0.00203666,0,0,0,0.00101833,0,0.00101833,0,0.00203666,0,0.00203666
kenya,KEN,KE033,Narok,9,11,5,8,15,1,1,4,13,27,7,7,10,7,13,1,5,14,11,25,0.006642066,0.005166052,0.008118081,0.005166052,0.003690037,0.007380074,0.005904059,0.005166052,0.011070111,0.009594096,7.38E-04,7.38E-04,7.38E-04,0.003690037,0.00295203,0.010332103,0.009594096,0.008118081,0.019926199,0.018450185
kenya,KEN,KE046,Nyamira,0,0,1,0,0,0,1,2,0,0,1,0,1,0,1,0,1,1,1,0,0,0.001503759,0,0,0.001503759,0.001503759,0,0,0,0.001503759,0,0,0.001503759,0.001503759,0.003007519,0.001503759,0,0.001503759,0,0
kenya,KEN,KE018,Nyandarua,0,2,3,0,1,0,0,4,0,0,0,2,1,0,1,0,0,1,0,0,0,0,0.002773925,0.002773925,0.004160888,0.001386963,0,0,0.001386963,0.001386963,0,0,0,0,0.00554785,0.001386963,0,0,0,0
kenya,KEN,KE019,Nyeri,0,2,1,0,0,0,4,1,0,0,0,3,3,2,0,0,2,1,0,1,0,0,0.002317497,0.003476246,0.001158749,0.003476246,0,0.002317497,0,0,0,0,0.004634994,0.002317497,0.001158749,0.001158749,0,0,0,0.001158749
kenya,KEN,KE025,Samburu,0,25,14,11,6,37,12,81,19,30,1,7,3,8,8,9,21,54,30,33,0,0.002724796,0.068119891,0.019073569,0.038147139,0.008174387,0.029972752,0.021798365,0.016348774,0.021798365,0.100817439,0.024523161,0.032697548,0.057220708,0.220708447,0.147138965,0.051771117,0.081743869,0.081743869,0.089918256
kenya,KEN,KE041,Siaya,0,0,1,0,0,0,0,3,4,11,0,3,1,0,1,0,2,2,7,2,0,0,0,0.002734731,9.12E-04,9.12E-04,0,0,0,9.12E-04,0,0,0,0.001823154,0.002734731,0.001823154,0.003646308,0.006381039,0.010027347,0.001823154
kenya,KEN,KE006,Taita Taveta,0,4,0,5,0,0,0,0,0,0,0,2,0,5,1,0,0,1,1,1,0,0,0.010723861,0.00536193,0,0,0.013404826,0.013404826,0,0.002680965,0,0,0,0,0,0.002680965,0,0.002680965,0,0.002680965
kenya,KEN,KE004,Tana River,0,17,0,4,0,2,0,5,31,6,0,8,0,1,1,2,2,5,14,7,0,0,0.045945946,0.021621622,0,0,0.010810811,0.002702703,0,0.002702703,0.005405405,0.005405405,0,0.005405405,0.013513514,0.013513514,0.083783784,0.037837838,0.016216216,0.018918919
kenya,KEN,KE013,Tharaka-Nithi,0,0,0,0,0,0,0,3,0,0,0,0,1,0,0,0,1,7,1,1,0,0,0,0,0,0.002543384,0,0,0,0,0,0,0,0.002543384,0.007630151,0.017803686,0,0.002543384,0,0.002543384
kenya,KEN,KE026,Trans Nzoia,1,1,0,0,1,1,1,0,5,5,1,1,1,0,2,2,1,1,4,5,9.03E-04,9.03E-04,9.03E-04,9.03E-04,0,9.03E-04,0,0,9.03E-04,0.001805054,9.03E-04,0.001805054,9.03E-04,9.03E-04,0,9.03E-04,0.004512635,0.003610108,0.004512635,0.004512635
kenya,KEN,KE023,Turkana,3,24,17,12,13,20,58,55,37,85,4,9,9,7,6,9,39,53,24,44,0.002793296,0.003724395,0.022346369,0.008379888,0.015828678,0.008379888,0.011173184,0.006517691,0.012104283,0.005586592,0.018621974,0.008379888,0.054003724,0.036312849,0.051210428,0.049348231,0.034450652,0.022346369,0.079143389,0.040968343
kenya,KEN,KE027,Uasin Gishu,0,7,0,1,2,2,0,6,1,2,0,3,0,1,1,1,4,4,2,4,0,0,0.005355777,0.002295333,0,0,7.65E-04,7.65E-04,0.001530222,7.65E-04,0.001530222,7.65E-04,0,0.003060444,0.004590666,0.003060444,7.65E-04,0.001530222,0.001530222,0.003060444
kenya,KEN,KE038,Vihiga,0,0,0,0,1,0,1,1,1,1,0,1,1,0,1,0,2,2,2,1,0,0,0,0.001572327,0,0.001572327,0,0,0.001572327,0.001572327,0,0,0.001572327,0.003144654,0.001572327,0.003144654,0.001572327,0.003144654,0.001572327,0.001572327
kenya,KEN,KE008,Wajir,18,13,30,23,30,19,17,2,14,6,6,4,21,9,14,14,17,4,13,8,0.019672131,0.006557377,0.01420765,0.004371585,0.032786885,0.02295082,0.025136612,0.009836066,0.032786885,0.015300546,0.020765027,0.015300546,0.018579235,0.018579235,0.002185792,0.004371585,0.015300546,0.01420765,0.006557377,0.008743169
kenya,KEN,KE024,West Pokot,6,8,14,6,5,4,7,41,7,13,1,3,7,5,3,3,7,35,14,9,0.008498584,0.001416431,0.011331445,0.004249292,0.019830028,0.009915014,0.008498584,0.007082153,0.007082153,0.004249292,0.005665722,0.004249292,0.009915014,0.009915014,0.058073654,0.049575071,0.009915014,0.019830028,0.018413598,0.012747875
somalia,SOM,SO11,Awdal,2,1,0,10,1,0,5,1,0,3,4,3,2,9,6,0,4,4,2,14,0.003143863,0.006287726,0.001571932,0.004715795,0,0.003143863,0.015719316,0.014147384,0.001571932,0.00943159,0,0,0.007859658,0.006287726,0.001571932,0.006287726,0,0.003143863,0.004715795,0.022007042
somalia,SOM,SO25,Bakool,259,163,80,72,121,64,435,501,81,106,95,71,50,62,53,145,105,120,154,124,0.476690041,0.174847698,0.300001841,0.130675648,0.147240167,0.092025104,0.13251615,0.11411113,0.222700753,0.097546611,0.117792134,0.266872803,0.800618409,0.193252719,0.922091547,0.220860251,0.149080669,0.283437322,0.195093221,0.228222259
somalia,SOM,SO22,Banadir,692,1436,1031,840,452,558,670,618,416,266,499,625,805,656,509,537,717,596,377,375,0.218200164,0.15734376,0.452796872,0.197073848,0.325093019,0.253831116,0.264867251,0.20684871,0.142523807,0.160496941,0.175947531,0.16932585,0.211263165,0.226083118,0.19486662,0.187929621,0.131172353,0.118874945,0.08387463,0.118244309
somalia,SOM,SO16,Bari,144,351,296,102,122,116,53,127,118,1707,122,137,156,98,75,39,40,62,47,719,0.116860352,0.099006687,0.284847108,0.11117964,0.240212946,0.126598715,0.082776083,0.079529962,0.099006687,0.060864767,0.094137506,0.031649679,0.043011102,0.032461209,0.103064338,0.050314874,0.095760566,0.03814192,1.385282088,0.583490229
somalia,SOM,SO24,Bay,443,613,382,370,423,202,274,371,223,376,162,182,182,197,236,242,239,323,357,310,0.354973637,0.129809773,0.491193769,0.14583567,0.306094649,0.14583567,0.29647911,0.157855094,0.33894774,0.189105595,0.161861568,0.193913364,0.219554801,0.191509479,0.297280405,0.25881825,0.178688761,0.286062277,0.30128688,0.248401417
somalia,SOM,SO19,Galgaduud,309,155,180,35,103,176,821,1542,984,691,85,68,42,37,87,111,151,232,184,271,0.380242174,0.104597362,0.190736365,0.083677889,0.221500295,0.051683402,0.043069502,0.045530616,0.126747391,0.107058476,0.216578067,0.136591849,1.010287458,0.185814137,1.897519197,0.28548927,1.210868281,0.226422524,0.850315023,0.333481
somalia,SOM,SO26,Gedo,561,489,357,149,105,108,95,96,91,70,119,146,126,88,120,116,84,97,128,142,0.575060222,0.121982471,0.501255702,0.149659167,0.365947414,0.129157911,0.152734355,0.090205525,0.107631592,0.123007534,0.110706781,0.118907283,0.097380965,0.086105274,0.098406027,0.09943109,0.093280713,0.131208036,0.071754395,0.145558915
somalia,SOM,SO20,Hiraan,736,366,438,417,178,186,1374,735,196,1344,130,196,207,160,192,176,245,244,156,347,1.457916526,0.25751243,0.724996533,0.38824951,0.867618802,0.410039023,0.826020641,0.316938375,0.352593943,0.38032605,0.368440861,0.348632213,2.721708298,0.485311887,1.455935662,0.483331022,0.38824951,0.309014916,2.662282352,0.687360101
somalia,SOM,SO28,Lower Juba,692,620,683,500,439,359,404,872,950,869,173,183,227,270,347,489,401,283,260,429,0.597458212,0.149364553,0.53529493,0.157998342,0.589687802,0.195987015,0.43168946,0.233112308,0.379023346,0.299592485,0.309953032,0.422192292,0.348805084,0.346214947,0.752866418,0.244336234,0.820209974,0.224478519,0.750276281,0.370389557
somalia,SOM,SO23,Lower Shabelle,985,1077,1232,1309,934,682,801,1293,820,1879,472,527,635,710,723,826,782,700,732,855,0.618279739,0.296272118,0.676027694,0.330795353,0.773320445,0.39858643,0.821652972,0.445663568,0.586267285,0.453823605,0.428088103,0.518476207,0.502783828,0.49085762,0.81160985,0.439386616,0.514710036,0.459472862,1.179439217,0.536679367
somalia,SOM,SO27,Middle Juba,180,143,242,268,116,52,34,102,122,258,42,22,44,67,52,11,14,33,17,59,0.418517055,0.097653979,0.332488549,0.051152084,0.562672929,0.102304169,0.623125392,0.155781348,0.269710991,0.120904927,0.120904927,0.025576042,0.079053221,0.032551326,0.237159664,0.076728127,0.283661559,0.039526611,0.599874445,0.13718059
somalia,SOM,SO21,Middle Shabelle,242,291,253,590,238,453,1479,811,633,1771,100,181,166,289,217,189,227,177,163,481,0.238809505,0.098681614,0.287163496,0.178613721,0.249664483,0.163811479,0.58222152,0.285189863,0.23486224,0.214139102,0.44702771,0.18650825,1.459501066,0.224007263,0.800307887,0.174666456,0.624654614,0.16085103,1.747651378,0.474658562
somalia,SOM,SO18,Mudug,488,185,257,177,146,363,59,1563,754,204,121,125,78,81,75,94,46,128,116,126,0.331900539,0.082295011,0.12582295,0.085015507,0.174791882,0.053049676,0.120381958,0.055090048,0.099298112,0.051009304,0.246885032,0.063931661,0.040127319,0.031285707,1.063033897,0.087055879,0.512813537,0.07889439,0.138745307,0.085695631
somalia,SOM,SO17,Nugaal,81,40,11,22,11,8,8,45,11,22,19,25,23,15,20,11,17,33,24,18,0.128203099,0.030072332,0.063310172,0.039568858,0.017410297,0.036403349,0.034820595,0.023741315,0.017410297,0.031655086,0.012662034,0.017410297,0.012662034,0.026906823,0.071223944,0.052230892,0.017410297,0.037986103,0.034820595,0.028489578
somalia,SOM,SO15,Sanaag,42,8,141,86,29,8,12,47,63,32,32,18,40,41,22,7,7,20,40,29,0.097972894,0.074646015,0.018661504,0.041988383,0.328909002,0.093307518,0.200611164,0.095640206,0.067647951,0.051319135,0.018661504,0.016328816,0.027992255,0.016328816,0.109636334,0.046653759,0.146959341,0.093307518,0.074646015,0.067647951
somalia,SOM,SO14,Sool,25,55,92,8,16,34,35,343,33,20,38,37,68,23,20,24,18,85,19,28,0.045539829,0.06922054,0.100187624,0.067398947,0.167586571,0.123868335,0.014572745,0.041896643,0.029145491,0.036431863,0.061934168,0.043718236,0.063755761,0.032788677,0.624806456,0.154835419,0.060112574,0.03461027,0.036431863,0.051004609
somalia,SOM,SO13,Togdheer,40,50,65,55,27,28,5,64,45,133,58,30,16,20,9,19,5,36,24,36,0.046472721,0.067385445,0.058090901,0.03485454,0.075518171,0.018589088,0.063899991,0.02323636,0.031369086,0.010456362,0.032530904,0.022074542,0.00580909,0.00580909,0.074356353,0.041825448,0.052281811,0.027883632,0.154521796,0.041825448
somalia,SOM,SO12,Woqooyi Galbeed,2,5,2,12,10,0,8,16,4,11,13,16,16,21,6,5,5,7,6,14,0.001381729,0.008981238,0.003454322,0.011053831,0.001381729,0.011053831,0.008290373,0.014508153,0.006908644,0.004145187,0,0.003454322,0.005526915,0.003454322,0.011053831,0.004836051,0.002763458,0.004145187,0.007599509,0.009672102
south_sudan,SSD,SS00,Abyei Region,0,0,0,0,0,0,0,0,0,0,0,0,0,0,0,0,0,0,0,0,NA,NA,NA,NA,NA,NA,NA,NA,NA,NA,NA,NA,NA,NA,NA,NA,NA,NA,NA,NA
south_sudan,SSD,SS01,Central Equatoria,1280,762,331,325,243,255,313,353,235,332,284,253,203,174,176,232,239,206,153,272,0.802507837,0.178056426,0.477742947,0.15862069,0.207523511,0.127272727,0.203761755,0.109090909,0.152351097,0.110344828,0.159874608,0.145454545,0.196238245,0.14984326,0.221316614,0.129153605,0.147335423,0.095924765,0.20815047,0.170532915
south_sudan,SSD,SS02,Eastern Equatoria,284,319,61,64,58,237,350,244,213,192,86,77,40,31,54,175,193,177,130,117,0.24461671,0.074074074,0.274763135,0.066322136,0.052540913,0.034453058,0.055124892,0.02670112,0.049956934,0.046511628,0.204134367,0.150732127,0.301464255,0.166236003,0.210163652,0.15245478,0.183462532,0.111972438,0.165374677,0.100775194
south_sudan,SSD,SS03,Jonglei,474,865,336,184,673,552,863,860,592,683,82,132,104,52,144,284,365,379,356,389,0.226145038,0.039122137,0.41269084,0.062977099,0.160305344,0.049618321,0.08778626,0.02480916,0.321087786,0.06870229,0.263358779,0.135496183,0.411736641,0.174141221,0.410305344,0.180820611,0.282442748,0.169847328,0.325858779,0.185591603
south_sudan,SSD,SS04,Lakes,203,489,174,245,497,645,121,373,354,284,33,71,58,65,150,306,155,138,157,139,0.162660256,0.026442308,0.391826923,0.056891026,0.139423077,0.046474359,0.196314103,0.052083333,0.398237179,0.120192308,0.516826923,0.245192308,0.096955128,0.124198718,0.298878205,0.110576923,0.283653846,0.125801282,0.227564103,0.111378205
south_sudan,SSD,SS05,Northern Bahr el Ghazal,36,41,0,9,82,17,52,45,6,11,11,14,0,7,16,22,26,21,4,10,0.037267081,0.011387164,0.042443064,0.014492754,0,0,0.00931677,0.007246377,0.084886128,0.016563147,0.017598344,0.022774327,0.053830228,0.026915114,0.046583851,0.02173913,0.00621118,0.004140787,0.011387164,0.010351967
south_sudan,SSD,SS06,Unity,496,667,223,349,218,316,491,137,130,247,112,102,136,28,74,167,190,89,75,127,0.427955134,0.09663503,0.575496117,0.088006903,0.192407248,0.117342537,0.301121657,0.024158758,0.188093184,0.063848145,0.272648835,0.144089733,0.42364107,0.163934426,0.118205349,0.076790336,0.11216566,0.064710958,0.213114754,0.109577222
south_sudan,SSD,SS07,Upper Nile,401,931,142,90,26,322,639,174,114,511,73,204,40,30,25,111,197,85,78,195,0.254603175,0.046349206,0.591111111,0.12952381,0.09015873,0.025396825,0.057142857,0.019047619,0.016507937,0.015873016,0.204444444,0.07047619,0.405714286,0.125079365,0.11047619,0.053968254,0.072380952,0.04952381,0.324444444,0.123809524
south_sudan,SSD,SS08,Warrap,101,243,207,358,548,891,790,711,565,597,23,49,43,50,118,220,199,250,176,222,0.075598802,0.017215569,0.181886228,0.036676647,0.15494012,0.032185629,0.267964072,0.03742515,0.410179641,0.088323353,0.666916168,0.164670659,0.591317365,0.148952096,0.532185629,0.187125749,0.422904192,0.131736527,0.446856287,0.166167665
south_sudan,SSD,SS09,Western Bahr el Ghazal,207,381,172,98,32,15,28,67,56,21,95,76,96,31,35,23,42,34,27,32,0.302631579,0.138888889,0.557017544,0.111111111,0.251461988,0.140350877,0.143274854,0.045321637,0.046783626,0.051169591,0.021929825,0.033625731,0.040935673,0.061403509,0.097953216,0.049707602,0.081871345,0.039473684,0.030701754,0.046783626
south_sudan,SSD,SS10,Western Equatoria,203,157,65,75,70,462,58,71,41,289,81,98,53,43,46,166,82,62,56,210,0.203815261,0.081325301,0.157630522,0.098393574,0.065261044,0.053212851,0.075301205,0.043172691,0.070281124,0.046184739,0.463855422,0.166666667,0.058232932,0.082329317,0.071285141,0.062248996,0.041164659,0.0562249,0.290160643,0.210843373
